Title,Year,RunTime,Censor Rating,IMDB RATING,No Of Voters Voted ,Description
 Mahavatar Narsimha,2024,2h 10m,TV-14,8.7,42K,The demon Hiranyakashyap seeks revenge on Vishnu and declares himself a god. His son Prahlad remains devoted to Vishnu. Vishnu manifests as Narsimha to defeat the demon and restore balance.
 Maharaja,2024,2h 21m,N/a,8.3,76K,"A barber seeks vengeance after his home is burglarized, cryptically telling police his ""lakshmi"" has been taken, leaving them uncertain if it's a person or object. His quest to recover the elusive ""lakshmi"" unfolds."
 Bramayugam,2024,2h 19m,N/a,7.7,16K,"Thevan, a folk singer of the Paanan caste, has a fateful encounter when escaping slavery, leading to him discovering an ancient traditional mansion altering his destiny."
 Manjummel Boys,2024,2h 15m,N/a,8.2,31K,"A group of friends get into a daring rescue mission to save their friend from Guna Caves, a perilously deep pit from where nobody has ever been brought back."
 Amaran,2024,2h 47m,N/a,8.1,22K,"The life of Major Mukund Varadarajan and is set against the backdrop of the Qazipathri Operation in Shopian, Kashmir, which took place back in 2014."
 Meiyazhagan,2024,2h 57m,N/a,8.4,20K,A man's life is changed when he bumps into someone from his hometown in this moving Tamil-language drama; gentle scenes are occasionally punctuated by sporting threat and recollections of violence.
 Black,2024,1h 55m,N/a,7.1,3.1K,"A young couple move into a serene row house, eager for peace and privacy. A violent storm and unsettling forces unravel their marriage. Vasanth must uncover the truth behind these supernatural occurrences before everything falls apart."
 Vaazhai,2024,2h 14m,N/a,7.7,5.3K,"A twelve-year-old boy, Sivanandhan, his mother, sister, and friend navigate life's challenges, where a plantain tree, Vaazhai, becomes a central presence."
 The Greatest of All Time,2024,3h 3m,N/a,5.7,25K,"Gandhi is a hostage negotiator, field agent, and spy working for the Special Anti-Terrorist Squad (SATS). After years of service, he is called back for a critical mission that sets him on a dangerous collision course with his own past."
 Lover,2024,2h 25m,N/a,7.1,3.3K,"Arun and Divya's six-year relationship starts unraveling as they drift apart, raising the question of whether love can withstand such differences."
 Maya Puthagam,2024,2h 2m,N/a,5.0,437,"After a strange dream about a dragon, Assistant Director Guru receives a mystical book from a Swamiji, who directs him to Gandhara Hill Selvapuri Palace to meet producer Sambasivam and bring the story to life."
 Kanguva,2024,2h 32m,N/a,4.5,16K,A tribal warrior's fierce struggle to save his people a millennium ago is mysteriously linked to a bounty hunter's perilous quest in the present.
 Thangalaan,2024,2h 36m,N/a,6.5,7K,"Based on the true events that revolve around the lives of mine workers in the Kolar Gold Fields, Karnataka."
 Raayan,2024,2h 25m,N/a,6.5,13K,"A series of unfortunate events lead Raayan, a simple man to be dragged into the dreaded world of crime and manipulation."
 Merry Christmas,2024,2h 24m,N/a,6.9,30K,Two strangers meet on a fateful Christmas Eve. A night of delirious romance turns into a nightmare. Revealing anything more would be a crime.
 Por,2024,2h 34m,N/a,5.1,643,"Journey that delves deep into the complexities of friendship. Set against the backdrop of a vibrant college festival, the movie explores the intricate dynamics between two friends whose paths diverge and ignite a fierce competition."
 Captain Miller,2024,2h 37m,Not Rated,7.1,14K,A man leaves and turns against the British-led Indian military after witnessing atrocity.
 Demonte Colony ,2024,2h 24m,N/a,6.5,4.7K,"A group of friends who return to a cursed location, driven by curiosity and the quest to uncover the truth behind the malevolent spirits that reside there."
 Vadakkan,2024,1h 52m,N/a,6.8,6K,"A paranormal investigator based in Helsinki ventures to Kerala to probe a series of mysterious deaths during a reality TV show shoot and confronts an unspeakable entity from a Dravidian cult practice, lurking on a mysterious island."
 Vettaiyan,2024,2h 43m,N/a,6.9,41K,Ruthless criminal activity is met with force from a maverick police officer with a disregard for the rules as he confronts an outbreak of lawlessness.
 Thiru.Manickam,2024,2h 2m,N/a,8.0,2.7K,"A man who is getting chased by everyone for doing good, yet he overcomes opposition. Among everyone who is trying to survive, this man wants to live. Shows how Manikkam becomes Thiru Manikkam"
 Ayalaan,2024,2h 35m,Not Rated,5.9,4.3K,"A lost alien seeks help to go back to his home, but everything gets harder after the alien returns to its home."
 Lubber Pandhu,2024,2h 26m,N/a,8.1,8.4K,"Set against the rural backdrop, explores gully cricket stars Gethu and Anbu's intense rivalry. Anbu's romantic involvement with Gethu's daughter escalates the clash. Their skills and emotions are put to the ultimate test."
 Rasavathi,2024,2h 28m,N/a,6.4,635,"A former criminal doctor and his wife seek a tranquil life, but an inspector hellbent on vengeance jeopardizes their newfound peace."
 Kadaisi Ulaga Por,2024,2h 20m,N/a,6.1,1.3K,"In a dystopian future, political conflicts arise in India due to trade blockades by international forces, resulting in civil unrest."
 Viduthalai Part ,2024,2h 50m,N/a,7.7,18K,"An unassuming school teacher faces extreme circumstances, forcing him to take up arms and lead a fiery rebellion against oppression, becoming an unlikely leader."
 Max,2024,2h 12m,N/a,7.1,3.7K,"Inspector Arjun Mahakshay, law and order inspector reports to duty at a new police station after a 2 months suspension and faces an unexpected situation. Can Arjun save the day?"
 Indian ,2024,N/a,N/a,3.8,17K,"Senapathy, an ex-freedom fighter turned vigilante who fights against corruption. Senapathy returns to the country to aid a young man who has been exposing corrupt politicians in the country through videos on the internet."
 Pechi,2024,1h 50m,N/a,5.5,1.7K,Revolves around age-old practices such as black magic and witchcraft.
 The Smile Man,2024,2h 2m,N/a,7.1,2.4K,"A Cop with Alzheimer's disease, set to solve the case of a serial killer on the run,before he loses his memory."
 Gummadi Narsaiah,2024,N/a,N/a,Rate,N/a,Based on the life story of Yellandu ex MLA GUMMADI NARSAIAH Garu.
 Siren,2024,2h 34m,N/a,6.4,3K,"An ambulance driver turned criminal eagerly awaits his release from prison, but it takes 14 years."
 Garudan,2024,2h 13m,N/a,7.1,3.5K,"Sokkan, the trusted confidant of childhood friends Aadhi and Karuna.But when his loyalty and self respect is put into test, which would he choose?"
 Nirangal Moondru,2024,2h 2m,N/a,6.1,642,"A teacher, a lovelorn student, and a troubled filmmaker's lives intertwine as they search for a missing teenager."
 Romeo,2024,2h 30m,N/a,6.1,1.4K,"A husband tries to win the love of his wife, who marries him because of familial obligation."
 Kalvan,2024,2h 22m,N/a,5.7,1K,"Kemban, a thief seeking an anti-poaching watcher job, finds out that it requires a bribe of Rs. 2 Lakh. Will he be able to arrange the money?"
 Star,2024,2h 38m,N/a,6.5,2.3K,"Follows a youngster Kalai and his aspirations of becoming a 'Star' in the Tamil Film Industry. Born in a lower-middle-class family, will Kalai overcome all his struggles to emerge as a Star?"
 Aranmanai ,2024,2h 28m,N/a,5.0,2.5K,"After his sister's suspicious death, a man decides to discover the hidden truth, setting off a chasm for chaos and terror."
 Quotation Gang Part ,2024,1h 58m,N/a,8.8,39,The film revolves around a bold female contract killer. She takes up the crime syndicate and fights for power. An incident changed her life upside down.
 Happy Birthday Luci,2024,1h 39m,N/a,9.3,63,"A satanic cult leader named Crimson must find and sacrifice six firstborn victims born on June 6, 1996 at 6:06 AM to Satan before a satanic church can be built."
 Vadakkupatti Ramasamy,2024,2h 26m,N/a,7.5,3.1K,"A selfish, money-minded charlatan makes a living off his fellow villagers using their superstitious beliefs. When his major source of income is shut down, he tries numerous ways to reopen the temple."
 Seven Seas Seven Hills,2024,1h 30m,N/a,8.3,110,"Caught between family duty and romantic love, a young man faces an impossible choice."
 Lal Salaam,2024,2h 30m,N/a,4.5,1.6K,"A reckless townsman tries to mend his thug ways ends up resurrecting himself and proves to be worthy of the world, in the eyes of the same people who chased him away."
 Sir,2024,2h 12m,N/a,7.8,2.3K,The people of Mangollai village like Colochi Saami and Saamikannu opposed education for the poor while people like Annadurai and Sivangaanam fought against oppression.
 Rebel,2024,2h 30m,N/a,4.4,633,Students who study in the town and how they are affected by the politics unfolding in the institution
 Do Aur Do Pyaar,2024,2h 20m,N/a,6.4,12K,"A couple on the brink of a breakup are cheating on each other with two sexy outsiders. Whilst they're waiting to reveal their secret and go their separate ways, life has other plans for them."
 Sattam En Kaiyil,2024,2h 4m,N/a,7.9,2.3K,"An accident leads Gowtham to conceal a body in his car. Arrested for drunk driving, his impounded vehicle at the police station holds the hidden corpse. Complications ensue, compelling him to find an escape from the perilous circumstances."
 Rathnam,2024,2h 35m,N/a,5.4,3.7K,Rathnam works as a henchman under MLA Panner Selvam. A girl travels to Vellore for an interview and a few rowdies try to kill her but Rathnam saves her and becomes her guardian angel. How long can he protect her?
 Hitler,2024,2h 8m,N/a,5.2,332,A hero with a genuine background involved with the political murders. What is the reason behind this that's the Story.
 Pogumidam Vegu Thooramillai,2024,2h 13m,N/a,7.3,4K,Revolves around a unique story of transporting a body due to financial issues and the problems entrailed when humanitarian concerns dominate selfishness.
 Brother,2024,2h 20m,N/a,6.1,2.4K,A young man struggles to find his place after moving in with his sister and her in-laws.
 Sorgavaasal,2024,2h 18m,N/a,6.6,1.5K,A common man imprisoned in a corrupt system questions whether jails truly rehabilitate or push individuals deeper into crime's abyss.
 Weapon,2024,2h,N/a,5.7,7.2K,"Agni a YouTuber who is a dedicated environmentalist is searching for a superhuman (Mithran), to shoot and add as content for his channel. The journey is full of twists and turns as he is not the only one searching for him."
 Hit List,2024,2h 5m,N/a,5.7,375,"Vijay's family is kidnapped by a masked assailant. He's forced to assassinate the kidnapper's rivals as part of a twisted revenge plot. As Vijay complies, he unravels the kidnapper's identity and motives."
 Mazhai Pidikatha Manithan,2024,2h 13m,N/a,4.5,443,"A secret agent, forced to live anonymously, encounters a woman in debt. Against his detached lifestyle, he befriends her while rescuing a pup, sparking a journey to help with her financial troubles."
 Miss You,2024,2h 8m,N/a,6.1,3.2K,A young man finds himself unexpectedly falling for a woman he initially despised. Their emotional journey explores the depth behind her refusal and the rollercoaster of feelings that unfolds.
 Bloody Beggar,2024,2h 14m,N/a,6.2,5.1K,"A beggar's life takes an unexpected turn when a misadventure upends his daily routine. Can he navigate the bizarre, witty situations that follow?"
 Athomugam,2024,2h 10m,N/a,7.0,664,"Playful act of Martin by installing a spy app in his love of life Leena's phone reveals a mysterious character thereby triggering events that questions love,trust, friendship, technology and unravels the thrilling darkside of human actions"
 Blue Star,2024,2h 46m,N/a,6.9,1.6K,"The cricket captains of Arakkonam, Ranjith and Rajesh, ignite a rivalry that ruins their chances of playing when politics interferes."
 Deepavali Bonus,2024,2h,N/a,6.7,131,"A working class family in Madurai faces financial struggles as the Deepavali festival approaches, challenging their values and relationships while striving to provide for their son."
 Mayan,2024,1h 53m,N/a,8.7,140,A a mythological mysterious film based on Indian mythology and Mayan tribes and their connection with the apocalypse of this world. Talks about the origins of human and their end.
 DeAr,2024,2h 12m,N/a,5.3,2.4K,A newly married couple faces challenges when the wife's snoring interrupts the husband's sleep. Their struggles depict the compromises needed for a lasting marriage.
 Hot Spot,2024,2h 2m,N/a,7.3,996,It features three stories that are humorously evocative and a fourth one that's deeply disturbing.
 White Rose,2024,1h 57m,N/a,4.3,477,"Divya's daughter is kidnapped, and she teams up with the police to confront the psychopathic abductor. ACP Vetri, connected to the case, grapples with a moral crisis. Can Divya rescue her child and will Vetri find redemption?"
 Jama,2024,2h 13m,N/a,7.9,1.7K,"A young Koothu artist, fighting to continue his fathers legacy of traditional folk art amidst rivals suppressions , torn between his love, mothers wishes, and his own creative path."
 Mission: Chapter ,2024,2h 24m,N/a,5.9,1.7K,A father takes his daughter to UK for treatment. But he ends up in trouble. What happens next ?
 Little Jaffna,2024,1h 40m,N/a,6.5,258,"In Paris's Little Jaffna district, a Tamil neighborhood, rookie cop Michael goes undercover to expose a criminal gang linked to Sri Lankan separatists through extortion and money laundering."
 The Adamant Girl,2024,1h 40m,N/a,6.6,1.5K,"Meena, who loves a man from a lower caste but her family thinks she is possessed and cast the spell out of her."
 J Baby,2024,2h 25m,N/a,7.2,839,"Volatile mother leaves family without notice. Sons embark on journey to find her, bringing family drama to light."
 Andhagan,2024,2h 22m,N/a,6.6,1.3K,"A piano player pretending to be visually-impaired, unwittingly becomes entangled in a number of problems as he witnesses the murder of a former film actor."
 PT Sir,2024,2h 10m,N/a,6.8,1.8K,It follows a young teacher as he attempts to introduce unique physical activities to school children.
 Oru Nodi,2024,2h 8m,N/a,6.7,532,"Police Inspector Paridhi Ilamaran investigates the disappearance of Sakuththala's husband with money, uncovering a web of political corruption and organized crime in Madurai."
 Guardian,2024,2h,N/a,4.0,684,A guardian ghost saving a girl from all the dangers surrounding her.
 Alangu,2024,2h 11m,N/a,7.8,1.7K,Centres around the clashes between Kerala's political group and Tamil Nadu's tribal youths.
 Jolly O Gymkhana,2024,2h 9m,N/a,7.1,1.5K,"A Tenkasi-based family finds a dead person, and is forced to go on a journey that makes them reach Kodaikanal."
 Nilgiris: A Shared Wilderness,2024,1h 15m,N/a,9.0,97,"A land of sacred peaks and secret creatures, lost in the mists of time, somewhere between folklore and magic. This is a story of India's very first UNESCO Biosphere Reserve - the Nilgiris - one of Asia's most intensively studied areas."
 Uyir Thamizhukku,2024,2h 10m,N/a,6.0,114,"Conspiracy and betrayals engulf veteran politician. Challenged to unravel truth, protect career and reputation. Employing intellect and allies, secrets emerge as he pursues justice, overcoming obstacles in this riveting political thriller."
 Thookudurai,2024,2h 5m,N/a,4.2,2.3K,"In the 18th Century, Tributary Monarch Nirpathunga Varman's diadem becomes the centerpiece of an annual carnival. In 1996, a forbidden love affair leads to tragedy, revenge, and a cursed spirit. Two decades later, the carnival's .."
 Singapore Saloon,2024,2h 17m,N/a,6.0,1.3K,A young hairstylist who has a lot of dreams.
 Magic,2024,1h 30m,N/a,7.3,7,Four teenagers come together to compose an original song for their upcoming college fest.
 Soodhu Kavvum 2: Naatum Naatu Makkalum,2024,2h 9m,N/a,3.8,231,A gang of kidnappers find they have bitten off more than they can chew.
 Emakku Thozhil Romance,2024,1h 51m,N/a,4.8,136,"Assistant director Umashankar falls for Leo. Misunderstanding arises when Saranya gets pregnant by Prashant. Leo blames Umashankar, causing rift between them."
 Nandhan,2024,1h 50m,N/a,7.3,2K,"When a village panchayat gets classified as a reserved one, an affluent upper-caste ex-president makes his oppressed house help the new president in order to retain power"
 Raghu Thatha,2024,2h 14m,N/a,6.2,617,"This is the hilarious story of a rebellious young woman, Kayalvizhi, who is forced to choose between principle and patriarchy."
 Vasco Da Gama,2024,2h 5m,N/a,5.5,3.3K,Future Only 100% Bad souls existed in earth
 Family Padam,2024,2h 11m,N/a,6.8,998,"Being a middle class family that can afford movie tickets, they dream of producing a whole new movie to fulfill their younger son's wish to rediscover himself which brings grave challenges."
 Ninaivellam Neeyada,2024,2h 35m,N/a,5.2,32,"Being a middle class family that can afford movie tickets, they dream of producing a whole new movie to fulfill their younger son's wish to rediscover himself which brings grave challenges."
 Boat,2024,2h 6m,N/a,5.4,1K,"10 people escape bombing on small boat, which unexpectedly stops and sinks mid-journey. Passengers struggle to survive as boat goes down."
 Nanban Oruvan Vantha Piragu,2024,2h 14m,N/a,6.3,6.9K,"Anand, in the travel back to his home to reunite with his friends , looks back at his life in 8 chapters, trying to find an answer to the question of ""What's happiness / Am I happy?"
 Minmini,2024,1h 55m,N/a,7.2,1.5K,Follows two youngsters who carry survivors' guilt.
 Petta Rap,2024,2h 3m,N/a,3.8,1.7K,"""PETTA RAP"" tells the love journey of BALA (a middle class man whose ambition is to become the best action hero of Tamil movies.) and JANAKI (a local girl, who becomes a Pop Singer.)"
 Idi Minnal Kadhal,2024,2h 11m,N/a,5.0,211,The story is spun with guilt and repentance of the characters and unknowingly they undo the wrong that they all had done against each other in the aftermath of an accident. They all realize that rarer action is in virtue than vengeance.
 Joshua: Imai Pol Kaka,2024,2h 10m,N/a,4.5,592,A bodyguard who has to look after and protect a high-profile woman who comes to Chennai from London.
 Once Upon a Time in Madras,2024,2h 1m,N/a,5.8,376,"A gun that is accidentally discovered, and what happens because of that to four different characters and their lives."
 Antha Naal,2024,1h 38m,N/a,7.8,1.2K,"A film director, his assistants and the cook go for a story discussion in a palatial bungalow. There, they discover footage of a family trapped by an unidentified ""maskman."""
 Devil,2024,1h 58m,N/a,4.6,1.6K,"Hema married to Alex meets Arun in accident, bond grows. Will Proximity causes strain on Hema's relationship with Alex."
 Inga Naan Thaan Kingu,2024,2h 12m,N/a,5.3,463,"A family inadvertently witnesses a murder and devises a scheme to profit from it, sparking a chain of comical mishaps."
 The Boys,2024,2h 11m,N/a,4.7,145,Five trouble making bachelors get evicted and need to find refuge in a suspiciously affordable house
 Mangai,2024,1h 58m,N/a,5.5,13,"A male perspective recounts a woman's experiences, highlighting the distinctions between the perspectives of men and women."
 Election,2024,2h,N/a,5.9,813,"Nadarasan, uninterested in politics, runs for panchayat leader to honor his father. As he delves into the murky world of election politics, he faces violence, rivalry, and betrayals."
 Lockdown,2024,N/a,N/a,Rate,N/a,"Nadarasan, uninterested in politics, runs for panchayat leader to honor his father. As he delves into the murky world of election politics, he faces violence, rivalry, and betrayals."
 Parari,2024,2h 26m,N/a,4.5,1.2K,"Neighboring villages involved in feud over a hill. Lower caste Maran endures hostility from Jai Kumar, jeopardizing Maran's love interest. Working in the city, they face manipulative forces paving the way for division within the community."
 Pon Ondru Kanden,2024,2h,N/a,5.6,300,"Rival school friends Siva and Sai reunite after years, bury rivalry but compete for Sandy's affection, an unexpected twist complicates their rekindled friendship and romantic pursuits."
 Kodaikanal,2024,2h 53m,N/a,9.3,78,"3 friends plan to surprise the other two friends, and without prior notice, they get them to Kodaikanal."
 7/G,2024,2h 20m,N/a,4.2,648,Revolves around the lives of two women who are connected by a mysterious turn of events.
 Ben and Suzanne: A Reunion in 4 Parts,2024,1h 50m,N/a,8.3,37,The romantic reunion of Ben Santhanaraj and Suzanne Hopper is thwarted when Suzanne's boss asks her to work during their holiday road trip.
 Dandupalayam,2024,2h 17m,N/a,6.4,2.1K,Based on the infamous criminal gang that murdered countless individuals.
 Vallavan Vaguthadhada,2024,1h 44m,N/a,6.5,64,A heist connects 5 strangers as their lives turn upside down on a dreaded night
 Kaaduvetty,2024,2h 37m,N/a,3.2,150,Follows a romance between two people who face challenges due to their caste differences.
 C4 Cinta,2024,2h 47m,N/a,6.8,173,"Hari, Soniya, and friends traverse Singapore and Malaysia, confronting revived relationships, unvoiced realities. Their journeys explore love, memory, identity through emotional drama involving family and friendships."
 Amigo Garage,2024,N/a,N/a,8.0,61,Rudra an adolescent boy has always been fascinated by Amigo Garage. His life takes a turn when he enters Amigo Garage and meets Anand.
 Chiclets,2024,2h 12m,N/a,7.8,141,The thought processes between the kids and their parents. Their thoughts about love and lust and how their parents try to gel up with them.
 Ranam Aram Thavarel,2024,2h 1m,N/a,5.9,825,"After nurse's suspicious death, a crime writer gets embroiled in a web of serial killings tied to antagonistic forces."
 Haraa,2024,2h 16m,N/a,5.2,2.9K,"Haraa is a Tamil movie starring Kokila Mohan, Yogi Babu and D Singampuli in prominent roles. It is directed by Vijay Sri G.."
 Neela Nira Sooriyan (Blue Sunshine),2024,1h 38m,N/a,6.3,116,"Aravind, a high school teacher, wants to transition from male to female while working for a school in a small town in South India"
 Rajakili,2024,2h 2m,N/a,4.9,637,"A man who has enough wealth and possessions, that changes abruptly due to his karma."
 Amigo,2024,N/a,N/a,Rate,N/a,"A man who has enough wealth and possessions, that changes abruptly due to his karma."
 Bairi,2024,2h 20m,N/a,7.0,519,"A newly-widowed mother struggles to connect with her son as he copes with his father's death by immersing himself in the intense hobby of racing pigeons, threatening their relationship."
 Veerayi Makkal,2024,2h 16m,N/a,8.4,526,"A once close family of three brothers and a sister face growing divides and tensions but ultimately reunites through forgiveness after a tragedy strikes, reaffirming the strength of familial bonds."
 XYZ,2024,1h 48m,N/a,Rate,N/a,"A once close family of three brothers and a sister face growing divides and tensions but ultimately reunites through forgiveness after a tragedy strikes, reaffirming the strength of familial bonds."
 Parakramam,2024,2h 11m,N/a,6.2,3.1K,"Revolves around the life of Lovaraju, a theatre artist and a gully cricketer in a village named Lampakalova."
 Glassmates,2024,2h 6m,N/a,8.9,73,"Two drinking buddies join detox but make their physician an alcoholic too, sparking mayhem locally."
 Saamaniyan,2024,2h 26m,N/a,7.0,85,A villager in his late 50s or early 60s who fights for a cause.
 Angammal,2024,1h 57m,N/a,9.1,45,"In a Tamil Nadu village, a man struggles to accept his blouseless mother's traditional attire, leading to complications before his in-laws' visit"
 Finder,2024,1h 51m,N/a,6.1,88,"An organisation that finds people who have been in prison for crimes they have not committed, in the United States. The organisation takes efforts to prove them innocent and get their due compensation from the government."
 Kavundampalayam,2024,2h 13m,N/a,2.8,145,"Palanichamy, a respected man in Goundampalayam, faces turmoil when his daughter Mangani elopes. Her actions trigger complications testing Palanichamy's resilience."
 Birthmark,2024,1h 57m,N/a,4.4,193,"Set in 1999, Lieutenant Daniel returns home six months after being abducted in a war zone and finds that his six month old pregnant wife, Jennifer suffers from health complications."
 Exit,2024,1h 47m,N/a,8.7,60,Four teenagers from a hilly village get stuck in a desolate bungalow one night.
 Teenz,2024,2h 2m,N/a,4.4,875,"Teenz, a Thrilling Adventure, directed by the genre-breaking film maker and national award winner, Radhakrishnan Parthiban, is a compelling film centered around a spirited group of thirteen teenagers."
 Double Tuckerr,2024,2h,N/a,5.3,1.7K,"Aravind has been gifted with two angels in his life ever since his birth. However, his life dramatically changes forever when one of the angels commits an error that accidentally costs him his life, resulting in his untimely demise."
 Anjaamai,2024,2h 1m,N/a,6.7,245,"Sarkar, a former artist, turns to farming to support his family. Overwhelmed by stress over his son's exams, he dies. His son files a case against the authorities. Manickam (lawyer) helps him fight the system in this social drama thriller."
 Karuppar Nagaram,2024,N/a,N/a,Rate,N/a,Revolving around the sport of football played in the North Madras Region
 HMM Hug Me More,2024,1h 42m,N/a,7.8,1.1K,"HMM - Hug Me More is a Tamil movie starring Anurag Mandal and Narasimman Packirisamy in a prominent roles. It is written and directed by Narasimman Packirisamy. HMM is a horror, thriller film about a one night stand"
 Virunnu,2024,2h 5m,N/a,4.0,965,"Famous businessman John Kalathil dies by suicide. 6 months later, his wife Elizabeth meets a tragic accident. On her deathbed, she tasks auto driver Hemand to pass a secret to Comrade Balettan."
 Vijay LLB: The Advocate,2024,2h 5m,N/a,6.8,40,"A street-smart lawyer takes on a murder case to defend his old friend. As he delves deeper into the investigation, he uncovers shocking truths while confronting his own past."
 Oru Kadha Sollattaa Sir,2024,2h 10m,N/a,6.1,42,"Three filmmakers start to write a story, but their writings turn into an awful reality. Spirits become intertwined in their tale with their mysterious past, concluding with Yamma, the King of Hell, making an appearance."
 Operation Laila,2024,2h 3m,N/a,5.4,59,"Surya, a sincere police officer, has a twin brother, Ravi, who becomes a beloved Drill Master at a school. Ravi falls in love with teacher Anjali. They encounter a ghost named Laila, seeking revenge for her murder."
 Vithaikkaran,2024,2h 8m,N/a,4.6,363,Revolve around smuggling and how protagonist is given the charge to retrieve certain withheld goods.
 Rail,2024,2h 7m,N/a,7.0,1.1K,"In a rapidly urbanizing village, Muthiah, an electrician and habitual drinker, struggles with his marriage and work. His hatred for North Indian workers leads to conflict with his neighbor, Sunil."
 Iravin Kangal,2024,1h 56m,N/a,7.2,174,"In a rapidly urbanizing village, Muthiah, an electrician and habitual drinker, struggles with his marriage and work. His hatred for North Indian workers leads to conflict with his neighbor, Sunil."
 Vaagai,2024,1h 59m,N/a,7.2,179,"A middle-class man's life turns upside down when his friends and a woman named Pavithra create problems for him. Just as he tries to handle these issues, another person's arrival adds more complications to his journey."
 Yavarum Vallavare,2024,2h 5m,N/a,4.3,44,"The events that take place in around 12 hours, from 6 pm to 6 am."
 Singappenney,2024,2h 4m,N/a,5.1,23,"Thenmozhi, a village girl from Tamil Nadu, dreams of excelling in swimming. Shalini discovers her talent and helps her overcome obstacles to pursue her passion, battling societal norms and adversities along the way."
 Emagadhagan,2024,1h 42m,N/a,8.0,153,"A cursed village lives in fear for generations, losing lives and property. They uncover the enigma behind the curse, breaking it and reclaiming their lives and rights."
 Adharma Kadhaigal,2024,2h 11m,N/a,6.1,1.2K,Adharma a Gangster returns to see his wife during the Corona period.
 Seeran,2024,2h 8m,N/a,5.0,17,"A man's family faces discrimination in their village due to caste. He leaves for the city, becomes wealthy, and returns to reclaim his position in the community."
 Agrinai,2024,1h 33m,N/a,7.9,70,Three most wanted killers have managed to escape from a secret experiment lab and they start to kill the villagers.
 Veppam Kulir Mazhai,2024,2h 12m,N/a,6.9,2.2K,"Petthaperumal and Paandi, a happily married couple, who are pressured to conceive a baby, and how this affects their bond."
 Aalan,2024,2h 17m,N/a,5.6,1.1K,"The life of a writer who discovers a deep connection to their past life. As they delve into their memories, they unravel a story of heartache, resilience, and the power of love that transcends time."
 Il Tha Ka Sai Aa,2024,1h 44m,N/a,4.9,13,"The life of a writer who discovers a deep connection to their past life. As they delve into their memories, they unravel a story of heartache, resilience, and the power of love that transcends time."
 Marakkuma Nenjam,2024,2h 17m,N/a,5.3,3.2K,Coming-of-age school reunion drama in which students from the 2008 batch of a convent school are forced to get back to their school in 2018 and spend 3 months to take the board exams followed by a court order.
 E-mail,2024,1h 59m,N/a,5.2,810,"Addicted to online gambling, a player passes the point of no return and spirals out of control, leading to extreme actions and consequences."
 Sevappi,2024,1h 53m,N/a,5.1,214,A 5-year-old boy living in a remote Tamil Nadu village bonds with a chicken he pretends to have birthed. The village views this as a family dispute that escalates into a caste issue dividing the town.
 P,2024,1h 45m,N/a,4.5,11,A 5-year-old boy living in a remote Tamil Nadu village bonds with a chicken he pretends to have birthed. The village views this as a family dispute that escalates into a caste issue dividing the town.
 Then Chennai,2024,2h 2m,N/a,8.5,82,Jason gets caught in a standoff between security forces and a gang. He fights to protect his loved ones while chaos consumes his life.
 Local Sarakku,2024,2h 13m,N/a,4.2,2.2K,An alcoholic decides to quit alcohol only to find out that drinking will help him avoid a life-threatening issue.
 Boomer Uncle,2024,1h 57m,N/a,3.0,100,Yogi Babu and his foreign wife Amy visit their neglected ancestral castle to finalize their divorce. Amy has a hidden agenda.
 Aaragan,2024,1h 44m,N/a,5.0,1.1K,"Saravanan & Magizhnila, in love but financially unstable, see hope when Magizhnila lands a better job in a new town. However, her path soon fills with unexpected struggles. Her journey through these challenges is the essence of the story."
 Kozhipannai Chelladurai,2024,2h 2m,N/a,5.9,225,"Chelladurai and Jeyasudha, siblings, face life's struggles after a devastating tragedy, their unbreakable bond fortified by their uncle Periyasamy's constant guidance since childhood."
 Pithala Maathi,2024,2h 20m,N/a,7.3,845,"Chelladurai and Jeyasudha, siblings, face life's struggles after a devastating tragedy, their unbreakable bond fortified by their uncle Periyasamy's constant guidance since childhood."
 Park,2024,1h 57m,N/a,6.8,382,"A couple runs a DTH shop. After getting engaged, they're kidnapped by gangsters. Unknowingly entering a haunted park, they become possessed and must escape the spirits."
 Non Violence,2024,N/a,N/a,Rate,N/a,"A couple runs a DTH shop. After getting engaged, they're kidnapped by gangsters. Unknowingly entering a haunted park, they become possessed and must escape the spirits."
 Bayamariya Brammai,2024,1h 28m,N/a,6.9,38,"An assassin and a writer engage in a moral discussion, inspiring each other to tap into their lost artistic and humanitarian sides, respectively, as their perspectives intertwine."
 Malai,2024,N/a,N/a,Rate,N/a,"Young city doctor visits village, clashing with fake local practitioner over medical practices, cultural differences. Tensions escalate as they navigate conflicting perspectives."
 Sathur,2024,N/a,N/a,7.9,10,"Young city doctor visits village, clashing with fake local practitioner over medical practices, cultural differences. Tensions escalate as they navigate conflicting perspectives."
 Irani,2024,N/a,N/a,8.3,7,"'IRANI' is a Tamil movie about an Indian spy, searches for his wife and kid in the remote mountain jungles of Sri Lanka. Are they alive, or have they aged and become unrecognizable? Rest is the story."
 Untitled,2024,N/a,N/a,Rate,N/a,"In the dark underbelly of the city, Bloodshed Bhai, a feared and ruthless gangster, rises to power, leaving a trail of violence and chaos in his wake. As law enforcement agencies close in on him, Bloodshed Bhai must navigate obstacles."
 Scene Number ,2024,2h 6m,N/a,5.0,93,"In the dark underbelly of the city, Bloodshed Bhai, a feared and ruthless gangster, rises to power, leaving a trail of violence and chaos in his wake. As law enforcement agencies close in on him, Bloodshed Bhai must navigate obstacles."
 Paraman,2024,2h 12m,N/a,8.2,28,"Farmer Paraman battles his partner Sadai's land grab scheme and wins in court, only to face government seizure. Fighting both threats leaves his family torn apart, with his son jailed and only his wife by his side."
 Unarvugal Thodarkadhai,2024,1h 51m,N/a,6.3,54,"Karthik, a serial dater, impulsively marries Priya, a relationship novice, after a breakup. Their contrasting experiences pose challenges in finding eternal love."
 Akkaran,2024,1h 47m,N/a,4.4,28,Veerapandi is an Ordinary Wrestler Living in Madurai and Has Two Daughters in Which His Second Daughter Priya is Killed by Two Unknowns. How He Takes Revenge on Them in a Different Way is the Rest of the Story
 Before Marriage,2024,1h 52m,N/a,7.7,1.1K,"An unmarried young woman is distressed to find she is with child. She faces a major decision, recognizing that bearing a baby out of wedlock clashes with prevailing proprieties."
 Virundhu,2024,2h 5m,N/a,4.5,685,"A famous businessman committed suicide. After 6 months of his death, his wife Elizabeth, gets killed in a suspicious accident. On her deathbed, she tasks an auto driver with delivering a secret to Comrade Balettan"
 Thirumbipaar,2024,1h 41m,N/a,6.0,243,"Karthik's exceptional hearing leads him to uncover businessman Ashok Selvan's involvement in crimes. As Inspector Kathirvel probes, startling revelations about Karthik, Janani, and their interconnected fates emerge, unraveling a mystery."
 The Akaali,2024,2h 25m,N/a,5.0,124,"A newly appointed I.O. finds herself digging into the past regarding a 7-year-old case where occult gangs and forces have been responsible for a series of satanic killings in the city. With the help of an ex-cop, can she solve the case?"
 Niyathi,2024,1h 53m,N/a,6.7,173,"When the private detective cheziyan held up with a problem, he try to find the solution for the problem which reveals another problem happened in the past"
 Salliyargal,2024,1h 46m,N/a,8.7,8,"When the private detective cheziyan held up with a problem, he try to find the solution for the problem which reveals another problem happened in the past"
 Guns and Roses,2024,N/a,N/a,Rate,N/a,"When the private detective cheziyan held up with a problem, he try to find the solution for the problem which reveals another problem happened in the past"
 Dhonima,2024,1h 47m,N/a,6.6,576,"Alcoholic father neglects deaf son while determined mother works as housekeeper. She finds abandoned golden retriever, decides to keep it despite costs, hoping for son's surgery."
 Thozhar Che Guevara,2024,2h,N/a,5.1,37,"Alcoholic father neglects deaf son while determined mother works as housekeeper. She finds abandoned golden retriever, decides to keep it despite costs, hoping for son's surgery."
 Iravinil Aatam Par,2024,1h 58m,N/a,2.8,154,"Students are victimized by a criminal gang through drugging and abuse. A man, grieving his family's loss, becomes a police inspector to take down the mob responsible and end their crimes."
 Kaa - The Forest,2024,N/a,N/a,5.6,8,"Students are victimized by a criminal gang through drugging and abuse. A man, grieving his family's loss, becomes a police inspector to take down the mob responsible and end their crimes."
 Satham Indri Mutham Tha,2024,1h 47m,N/a,6.9,1.2K,"A woman is hit by a car and rescued by a stranger. Suffering amnesia, he takes her in while police search for the missing wife at her husband's behest. Will her memory return before the relentless inspector cracks the mystery?"
 Home Tour - A Bachelor Party,2024,1h 25m,N/a,9.5,65,"Harshat and his gang plan to enjoy the bachelor weekend with the only married guy of his gang Siddhu in Siddhu's Home when his wife and daughter are out of state. Two days of this friend enjoying, drinking and cooking. How these torture VJ SIddhu and how he tackle them?"
 Padikkadha Pakkangal,2024,1h 46m,N/a,4.3,168,"A woman kills a fake journalist who had evidence about her sister's murder. She hands over the evidence to police, implicating others in similar crimes and prompting a crackdown."
 Uruttu Factory,2024,1h 28m,N/a,8.3,1.9K,"Sid counters criticism through sarcasm and evidence in a response video, dissecting others' videos while addressing community concerns about wrongdoings."
 Chella Kutty,2024,N/a,N/a,Rate,N/a,"Sid counters criticism through sarcasm and evidence in a response video, dissecting others' videos while addressing community concerns about wrongdoings."
 Ettum Varai Ettu,2024,2h 21m,N/a,3.7,15,"Sid counters criticism through sarcasm and evidence in a response video, dissecting others' videos while addressing community concerns about wrongdoings."
 Babu (No.1 Bullshit Guy),2024,2h 5m,N/a,7.9,2K,"The lives of Kartheek and Sombabu, who face adversity and redemption."
 Tractor,2024,N/a,N/a,7.4,12,A farmer who is living self-sufficiently has lost his lifestyle due to recent social developments and private-sector scams.
 Aranam,2024,2h 7m,N/a,7.5,402,"The backdrop of a village called Aranthangi, and the central drama is focused on the efforts of a foster son of a dead zamindar."
 Mazaiyil Nanaigiren,2024,2h 29m,N/a,8.9,398,A wealthy Christian man pursues an ambitious Brahmin woman who initially rejects him to study in the U.S. His chance encounter with her sister leads the woman to reconsider and ultimately confess her love.
 Ingu Mirugangal Vaazhum Idam,2024,1h 48m,N/a,6.2,15,"John works in the Security Guard Office and is single-handedly raising his only daughter, Jenny. Genie, who has an inordinate affection for her father, looks after John. However, her boyfriend, rapes and murders Jenny along with his friend"
 Konjam Pesinaal Yenna,2024,1h 52m,N/a,7.1,68,"Sanjana's feelings for her childhood crush Ajay reawaken through virtual interactions. They bond over phone calls during lockdown, forming a connection without traditional labels, but face hurdles in recognizing their emotions."
 Aaryamala,2024,1h 57m,N/a,8.8,26,"Malar, a pre-pubescent teen living with stepmother Gomathi, faces family stress when stepsister Kayal reaches puberty. Uncle Kasi's marriage plans are delayed until Malar marries. At a temple festival, Malar meets Elango and falls in love."
 Ippadiku Kadhal,2024,1h 43m,N/a,4.9,66,"Two depressed souls from different regions who come together and find a connection. Their sadness starts to fade away as they spend time together, bringing happiness into their lives."
 Kanmani Pappa,2024,2h 10m,N/a,6.2,26,"""Kanmani papa"" screen played in a 'horror suspense thriller'"
 Blues,2024,2h,N/a,7.4,11,"Karthi, a disgruntled assistant on commercial productions, is working on an honest, personal film script, but his project is without industry backers. In the dispiriting pursuit of his dream, he loses his love and sinks into alcoholism, until he meets a kindred spirit adrift in the world."
 Arimapatti Sakthivel,2024,2h 11m,N/a,7.6,35,"Hailing from Arimapatti where only one caste resides, Sakthivel's marriage outside his caste ignites chaos and threats against his loved ones."
 Ini Oru Kadhal Seivom,2024,1h 49m,N/a,5.7,23,Ini oru kadhal seivom is a love story that deals with the perception and ideology of a young man owing to his understanding about relationship in general and how his ideology changes with his love experience forms the crux of the story.
 Thuval,2024,N/a,N/a,Rate,N/a,Ini oru kadhal seivom is a love story that deals with the perception and ideology of a young man owing to his understanding about relationship in general and how his ideology changes with his love experience forms the crux of the story.
 A Silent Crime,2024,N/a,N/a,Rate,N/a,Ini oru kadhal seivom is a love story that deals with the perception and ideology of a young man owing to his understanding about relationship in general and how his ideology changes with his love experience forms the crux of the story.
 Chennaiyil Vaanam Megamootathudan Kaanapadum,2024,1h 11m,N/a,4.0,25,Ini oru kadhal seivom is a love story that deals with the perception and ideology of a young man owing to his understanding about relationship in general and how his ideology changes with his love experience forms the crux of the story.
 Light House,2024,1h 48m,N/a,Rate,N/a,Ini oru kadhal seivom is a love story that deals with the perception and ideology of a young man owing to his understanding about relationship in general and how his ideology changes with his love experience forms the crux of the story.
 Vaa Pagandaya,2024,N/a,N/a,Rate,N/a,Both hero and heroine are in love. The problem is that the villain does not like this. What did the villagers do
 Kadhai,2024,1h 40m,N/a,9.3,35,"After seven years of futile attempts, an aspiring filmmaker is about to give up on his dream of making an independent feature film. A magical voice inspires him to try again, which leads to the creation of this film."
 Thaainilam,2024,N/a,N/a,Rate,N/a,"This movie depicts the life of Sethuraman, who arrives in Rameswaram, Tamil Nadu, during the time of the civil war in Sri Lanka, along with his daughter Tamizhini. Along with the aspirations of freedom, it portrays a plethora of human beings' innocent hearts that find joy in the tiny moments in their lives, which will touch us deeply and stay with us forever. The film conveys the enchanting power of tiny moments in a man's life, who was a victim and survivor of war."
 Tight: The World of Indian Bodybuilding,2024,1h 20m,N/a,Rate,N/a,"Can Aji's talent and triumphs elevate him from his poor, Tamil background to succeed on the national stage at Mr India? Or will his dreams be shattered by corruption and discrimination? The booming world of Indian bodybuilding is a captivating window through which to observe a rapidly changing society, while Aji's journey is a story of unity, brotherhood and celebration of India's incredible diversity."
 Kanni,2024,2h 7m,N/a,8.5,180,"A mountain healer's magic basket curing deadly ailments is coveted by a ruthless gang who massacre her kin. Amid the carnage, can she escape their clutches?"
 Appu VI STD,2024,N/a,N/a,Rate,N/a,"In Chennai, 10-year-old Appu wants to study to fulfill his father's dream, but Dharma sees Appu as a threat and tries to kill him. Their clash gets the attention of a gangster leader to an intense confrontation that alters their lives."
 Mudakkaruthaan,2024,N/a,N/a,Rate,N/a,Liberating abused kids on street with high-octane twists and turns
 Echte Schweizer - My Swiss Army,2024,1h 18m,N/a,6.9,38,"Sa√¢d, Thuruban, Andrija and Luka, all Swiss officers with Serbian, Sri Lankan and Tunisian roots, have retained a strong connection to their culture of origin. In a personal documentary film, director Luka Popadic gives an insight into the Swiss army from the perspective of four officers with a migration background and humorously questions prejudices about home, belonging and integration."
" Fallen Leaves, Broken Lighters",2024,1h 36m,N/a,7.7,9,"Within Hong Kong's bustling cityscape, vignettes intertwine the lives of its inhabitants, bound by tea, cigarettes, and broken lighters, as they grapple with life's myriad facets, and themselves."
 Kaazh,2024,2h 3m,N/a,7.0,22,A Tamil couple and an international student face adjustment issues after moving to Australia.
 Dhil Raja,2024,1h 46m,N/a,8.4,132,A Tamil couple and an international student face adjustment issues after moving to Australia.
 Never Escape,2024,1h 55m,N/a,8.7,371,"A group of IT trainees having a party in the midsummer , drugs - police - chase and ended up in a haunted theatre and dies eventually ."
 RK Vellimegham,2024,N/a,N/a,9.2,108,"A group of IT trainees having a party in the midsummer , drugs - police - chase and ended up in a haunted theatre and dies eventually ."
 Pagalariyaan,2024,1h 51m,N/a,4.5,687,Wolf elopes with the daughter of a gangster named Silent though she doesn't realise that she has been kidnapped with a hidden agenda. What will happen to the girl ?
 Fly,2024,N/a,N/a,Rate,N/a,A love story based on straight and LGBTQ relationships and their highly valued emotions.
 Karuvachi,2024,N/a,N/a,Rate,N/a,A love story based on straight and LGBTQ relationships and their highly valued emotions.
 Sembian Madhevi,2024,1h 56m,N/a,7.0,211,"A girl named Mathevi falls in love with Veera, a man from a different caste. Their young love gets interrupted when Mathevi's stepfather, driven by cast pride and violence discovers their relationship."
 Podiyaar,2024,N/a,N/a,Rate,N/a,"Podiyaar, is a sentiment and thriller film with a story centered on the life of the mainland known as Paduvankarai in Batticaloa, Sri Lanka."
 Oru Thavaru Seidhal,2024,2h 3m,N/a,5.5,27,"Podiyaar, is a sentiment and thriller film with a story centered on the life of the mainland known as Paduvankarai in Batticaloa, Sri Lanka."
 Eppura,2024,1h 49m,N/a,8.8,463,Eppura is a Tamil movie based on six stories.It takes place in one night in Puducherry .A movie called 'Eppura' has been made by hyperlinking the story with dark comedy.
 Better Tomorrow,2024,N/a,N/a,Rate,N/a,Eppura is a Tamil movie based on six stories.It takes place in one night in Puducherry .A movie called 'Eppura' has been made by hyperlinking the story with dark comedy.
 Sooriyanum sooriyakanthiyum,2024,N/a,N/a,Rate,N/a,Eppura is a Tamil movie based on six stories.It takes place in one night in Puducherry .A movie called 'Eppura' has been made by hyperlinking the story with dark comedy.
 Ithu Unaku Thevaya,2024,N/a,N/a,Rate,N/a,Eppura is a Tamil movie based on six stories.It takes place in one night in Puducherry .A movie called 'Eppura' has been made by hyperlinking the story with dark comedy.
 Silent,2024,1h 36m,N/a,5.5,517,"A son performs mercy killing on his cancer-stricken mother, leading to more euthanasia cases. When three women are murdered, Inspector Raghuram investigates, revealing unexpected connections."
 Dappankuthu,2024,N/a,N/a,Rate,N/a,"A son performs mercy killing on his cancer-stricken mother, leading to more euthanasia cases. When three women are murdered, Inspector Raghuram investigates, revealing unexpected connections."
 Aanthai,2024,1h 50m,N/a,Rate,N/a,A psycho rapist comes to Tamil Nadu from North India. He killed woman and raped. Hero and Heroin went to their guest house to celebrate their first night. The psycho rapist entered the same guest house. Then what happened next?
 Pasi Enkira Desiyanooi,2024,1h 13m,N/a,6.0,148,"Pasi documentary drama is a historical documentation of common peoples thoughts in the situation of COVID 19 Lockdown 2020 at Tamilnadu, India"
 Ajayan Balavin Mylanji,2024,N/a,N/a,Rate,N/a,"Pasi documentary drama is a historical documentation of common peoples thoughts in the situation of COVID 19 Lockdown 2020 at Tamilnadu, India"
 Bhai: Sleeper Cell,2024,2h 1m,N/a,Rate,N/a,"Pasi documentary drama is a historical documentation of common peoples thoughts in the situation of COVID 19 Lockdown 2020 at Tamilnadu, India"
 Vettaikkari,2024,2h 3m,N/a,Rate,N/a,"Pasi documentary drama is a historical documentation of common peoples thoughts in the situation of COVID 19 Lockdown 2020 at Tamilnadu, India"
 Nalla Perai Vaanga Vendum Pillaigale,2024,1h 55m,N/a,8.3,571,"A carefree youngster from a small town meets an assertive girl on a bike ride. What happens when true intentions are revealed? Will the trip change their lives better, good or worse?"
 Gate,2024,N/a,N/a,Rate,N/a,"A carefree youngster from a small town meets an assertive girl on a bike ride. What happens when true intentions are revealed? Will the trip change their lives better, good or worse?"
 Lineman,2024,1h 55m,N/a,7.1,41,"A young electronics enthusiast, who has several out-of-the-box ideas, comes up with an invention that is likely to change the fortune of his village. However, he faces a slew of challenges that discourage him from following his passion."
 Aalakaalam,2024,N/a,N/a,Rate,N/a,"A young electronics enthusiast, who has several out-of-the-box ideas, comes up with an invention that is likely to change the fortune of his village. However, he faces a slew of challenges that discourage him from following his passion."
 Laandhar,2024,1h 57m,N/a,4.2,101,"An armed masked killer's reign of terror puts a police officer's wife in danger. Amidst the hunt for the perpetrator, she goes missing, leaving him racing against time to find her."
 Rooban,2024,2h 5m,N/a,6.6,278,"A childless couple adopts an orphan, but a tiger's arrival in their village fuels superstition. Forest officers restrict movement to catch the tiger. Pilgrims defy orders during a fasting ritual. Four villagers are found dead."
 Bujji at Anupatti,2024,1h 51m,N/a,8.4,274,"Durga and Saravanan, farm kids, find and adopt a child, Bujji. After their father sells Bujji, they embark on a journey to reclaim him, meeting Dharshini. Their quest intersects with landlord Shiva's search for them."
 Black & White,2024,1h 43m,N/a,6.0,9,"Two friends decide to start a car washing business together called ""Black and White"". One of their favourite customers is an old man named Singham who regularly brings his BMW to them. When Singham passes, the boys accept his BMW as a gift, but his ghost comes back to disrupt their grand fantasies."
 Karuppu Petti,2024,1h 48m,N/a,7.0,141,"Two friends decide to start a car washing business together called ""Black and White"". One of their favourite customers is an old man named Singham who regularly brings his BMW to them. When Singham passes, the boys accept his BMW as a gift, but his ghost comes back to disrupt their grand fantasies."
 Netru Indha Neram,2024,2h 20m,N/a,5.4,137,A group of seven friends vacation to Ooty takes a dark turn when one disappears amid a serial killer's rampage. Can they locate their missing companion before tragedy strikes?
 Vangala Viriguda,2024,N/a,N/a,Rate,N/a,A group of seven friends vacation to Ooty takes a dark turn when one disappears amid a serial killer's rampage. Can they locate their missing companion before tragedy strikes?
 Naanum Oru Azhagi,2024,N/a,N/a,9.0,176,A group of seven friends vacation to Ooty takes a dark turn when one disappears amid a serial killer's rampage. Can they locate their missing companion before tragedy strikes?
 Enimey Nangadha Head Lines,2024,N/a,N/a,Rate,N/a,A group of seven friends vacation to Ooty takes a dark turn when one disappears amid a serial killer's rampage. Can they locate their missing companion before tragedy strikes?
 Niyathi Cc1/,2024,N/a,N/a,Rate,N/a,A group of seven friends vacation to Ooty takes a dark turn when one disappears amid a serial killer's rampage. Can they locate their missing companion before tragedy strikes?
 Kumbaari,2024,1h 55m,N/a,6.3,129,Friendship of young people and the love between a brother and sister.
 Oozhi: A Dark Age,2024,2h 10m,N/a,9.4,21,"""Oozhi"" is a poignant portrayal of the aftermath of Tamil Genocide in TamilEelam where promises of peace crumble in the of enduring injustice."
 Curry Mee,2024,2h 38m,N/a,7.0,23,"Two rival gangsters, Raja and Ah Meng, put aside their differences when a respected village elder intervenes. However, their new friendship is tested by land disputes and deceitful gang members, prompting to propose a resolving solution."
 Orea Peachu Orea Mudivu,2024,N/a,N/a,Rate,N/a,"Orea Peachu Orea Mudivu is a Tamil movie starring Rajesh R Krishna, Shrida Suchithran, Thalaivasal Vijay, Meesai Rajendran, Padmasri I M Vijayan, and Karate Raja in prominent roles. It is written and directed by VR Ezhuthassan. Released in October 4th 2024 in theaters."
 Poiyazhagans,2024,N/a,N/a,9.0,6,"In a dystopian world controlled by a corporate-built digital matrix, Sudharshan and his team uncover a sinister plot to distort reality and trap humanity in a fabricated utopia. Battling relentless surveillance, corporate enforcers, and betrayal, they fight to reveal the truth and escape the illusions of the system. With time running out, their mission becomes humanity's last hope to break free from the grip of the Poiyazhagans-the masters of deception."
 Mahendranin Ponnu Mappillai,2024,1h 59m,N/a,Rate,N/a,"In a dystopian world controlled by a corporate-built digital matrix, Sudharshan and his team uncover a sinister plot to distort reality and trap humanity in a fabricated utopia. Battling relentless surveillance, corporate enforcers, and betrayal, they fight to reveal the truth and escape the illusions of the system. With time running out, their mission becomes humanity's last hope to break free from the grip of the Poiyazhagans-the masters of deception."
 Dak Dik Dos,2024,1h 53m,N/a,8.6,11,"Mani lends Ushant money to help his friend move abroad. They lose contact. Mani abuses Ushant's wife, leading to her death. Mentally unstable Ushant seeks revenge, attempts to kill Mani."
 Poem of the wind,2024,1h 33m,N/a,Rate,N/a,"Bharani, an emerging theatre artist is subjected to the stereotypical ways of masculinity from his childhood but the mere femininity inside him confuses his stand on what society expects out of him. The film charts the three stages of Bharani's life from his childhood to old age following the regrets he attains during the final stages of his life. Inspired by Charles Bukowski's poem ""Blue Bird"""
 Cinema Pe Cinema: The Theatres. The Movies. And Us,2024,1h 3m,N/a,Rate,N/a,"Tells the story of India's small cinemas through the memories of the people who worked in them and loved them, a story inextricable from the social and political changes of the country over cinema's first century."
 Pei Kadhal,2024,N/a,N/a,Rate,N/a,"Tells the story of India's small cinemas through the memories of the people who worked in them and loved them, a story inextricable from the social and political changes of the country over cinema's first century."
 Insta Series,2024,2h 21m,N/a,9.4,20,"Tells the story of India's small cinemas through the memories of the people who worked in them and loved them, a story inextricable from the social and political changes of the country over cinema's first century."
 Uzhaipalar Thinam,2024,2h 2m,N/a,4.2,7,Construction worker Velu supports family in India with job in Singapore. He marries Malathi while home but struggles to realize his dreams upon return.
 Kazhu Maram,2024,N/a,N/a,Rate,N/a,Construction worker Velu supports family in India with job in Singapore. He marries Malathi while home but struggles to realize his dreams upon return.
 Ethuvum Kadanthu Pokum,2024,N/a,N/a,Rate,N/a,Construction worker Velu supports family in India with job in Singapore. He marries Malathi while home but struggles to realize his dreams upon return.
 Pitha 23:,2024,N/a,N/a,Rate,N/a,Construction worker Velu supports family in India with job in Singapore. He marries Malathi while home but struggles to realize his dreams upon return.
 The Silent Prayer,2024,53m,N/a,Rate,N/a,"In the tumultuous aftermath of Prime Minister Indira Gandhi's assassination 1984, a 4-year-old Sikh girl's birthday joy transforms into a harrowing tale of survival. Stranded without their parents, her 9-year-old brother becomes her brave shield, navigating a world of chaos and hatred to protect the flicker of innocence in his sister's eyes and brother's love becomes their unyielding fortress against the backdrop of a society torn by violence."
 Combat Code: Hunt,2024,1h 16m,N/a,7.8,21,"A fencing athlete and aspiring soldier becomes entangled in a crisis involving his brother, manipulated by a sinister organization. This group triggers the ""Code : Hunt"" to eliminate a team accountable for the enigmatic murders."
 Yean Yeathuku Yeppadi from Dishoreabinash,2024,49m,N/a,Rate,N/a,"Abinash's brother is suddenly kidnapped. With his friend Dishore,he investigates, facing threats and dead ends. Clues point to someone close. In a tense climax, the kidnapper is revealed-and the fate of his brother leaves a lasting impact."
 Paattan,2024,N/a,N/a,Rate,N/a,"Abinash's brother is suddenly kidnapped. With his friend Dishore,he investigates, facing threats and dead ends. Clues point to someone close. In a tense climax, the kidnapper is revealed-and the fate of his brother leaves a lasting impact."
 Nodigalal Naam Karaiya,2024,N/a,N/a,Rate,N/a,"Abinash's brother is suddenly kidnapped. With his friend Dishore,he investigates, facing threats and dead ends. Clues point to someone close. In a tense climax, the kidnapper is revealed-and the fate of his brother leaves a lasting impact."
 Mayaperulagam,2024,N/a,N/a,Rate,N/a,"Abinash's brother is suddenly kidnapped. With his friend Dishore,he investigates, facing threats and dead ends. Clues point to someone close. In a tense climax, the kidnapper is revealed-and the fate of his brother leaves a lasting impact."
 Tranzindia Escape from Mlm Its Me Prasanna,2024,N/a,N/a,Rate,N/a,"Abinash's brother is suddenly kidnapped. With his friend Dishore,he investigates, facing threats and dead ends. Clues point to someone close. In a tense climax, the kidnapper is revealed-and the fate of his brother leaves a lasting impact."
 Journey,2024,1h 5m,N/a,Rate,N/a,"A team of academic researchers, theatre and film practitioners meet women survivors of the violence that occurred during the Sri Lankan civil war (1983-2009). The women share their stories, at times contemplative and elegiac, at other times invoking the vengeance of the Goddess Kannagi. We learn that these extraordinary women have survived immense trauma yet also risen out of their desperation to re-work their relationships with family and community. But their journey never follows a straight line."
 Trident : The Beginning,2024,1h 5m,N/a,Rate,N/a,"In the labyrinth path of the dysfunctional world, an AI developer, along with his creation, embarks on a journey to find his missing wife, an astrobiologist who went in search of a cure for their dying son."
